WARD,Population
10101001,9068
10101002,8472
10101003,7007
10101004,9659
10101005,7420
10101006,7187
10101007,8947
10101008,9387
10102001,10424
10102002,6274
10102003,7523
10102004,10041
10102005,7616
10102006,7890
10103001,10507
10103002,5209
10103003,8726
10103004,9461
10103005,13015
10103006,3646
10103007,11333
10104001,8401
10104002,10587
10104003,6205
10104004,8591
10104005,6204
10104006,8470
10104007,7546
10104008,5788
10104009,7976
10104010,8523
10104011,5515
10104012,8408
10104013,6978
10105001,10558
10105002,9166
10105003,8888
10105004,11995
10105005,7917
10105006,8302
10105007,13018
10105008,6955
10105009,8532
10105010,8690
10105011,9304
10105012,10438
10202001,7076
10202002,6214
10202003,9206
10202004,7356
10202005,9047
10202006,11014
10202007,14342
10202008,10211
10202009,10218
10202010,10110
10202011,12281
10202012,8870
10203001,9946
10203002,5147
10203003,11744
10203004,6597
10203005,9538
10203006,5830
10203007,9403
10203008,1877
10203009,6711
10203010,8281
10203011,12131
10203012,6399
10203013,7750
10203014,13936
10203015,7153
10203016,7488
10203017,9630
10203018,8253
10203019,6590
10203020,3318
10203021,11343
10203022,8750
10203023,8100
10203024,6722
10203025,8877
10203026,10183
10203027,6367
10203028,7084
10203029,7866
10203030,9939
10203031,8310
10204001,12389
10204002,7520
10204003,8951
10204004,8230
10204005,5656
10204006,5856
10204007,3873
10204008,5683
10204009,822
10204010,5270
10204011,6545
10204012,8010
10204013,2483
10204014,5279
10204015,10402
10204016,8626
10204017,7727
10204018,8763
10204019,10494
10204020,9628
10204021,8651
10204022,4873
10205001,8751
10205002,9413
10205003,9592
10205004,9981
10205005,11442
10205006,5349
10205007,6187
10205008,8911
10205009,6847
10205010,7924
10205011,6694
10205012,7183
10205013,7592
10205014,5924
10205015,8105
10205016,7938
10205017,3378
10205018,8111
10205019,6124
10205020,7627
10205021,13752
10206001,5738
10206002,8874
10206003,8692
10206004,7857
10206005,5644
10206006,9797
10206007,9670
10206008,9714
10206009,7609
10206010,5598
10206011,5946
10206012,12587
10301001,9256
10301002,8443
10301003,11174
10301004,7102
10301005,11627
10301006,6805
10301007,8223
10301008,5066
10301009,7995
10301010,5904
10301011,5293
10301012,7576
10301013,14325
10302001,6454
10302002,6866
10302003,4267
10302004,7801
10302005,6345
10302006,6529
10302007,4102
10302008,9412
10302009,2444
10302010,6638
10302011,9086
10302012,5335
10302013,5151
10303001,5995
10303002,8029
10303003,6316
10303004,5719
10303005,6978
10304001,7622
10304002,7911
10304003,7779
10304004,3518
10304005,9086
10401001,6444
10401002,7444
10401003,5017
10401004,5862
10402001,6744
10402002,7485
10402003,4839
10402004,8456
10402005,5777
10402006,6916
10402007,6309
10402008,6117
10403001,6752
10403002,5762
10403003,9986
10403004,5305
10403005,6383
10403006,6258
10403007,4945
10403008,4676
10403009,6713
10403010,4570
10403011,6835
10403012,4854
10403013,6637
10403014,9754
10404001,9356
10404002,3397
10404003,5747
10404004,8192
10404005,6573
10404006,10046
10404007,9395
10404008,7759
10404009,5966
10404010,3152
10404011,8760
10404012,4289
10404013,7603
10404014,9571
10404015,6155
10404016,11958
10404017,9272
10404018,5027
10404019,9272
10404020,7913
10404021,9218
10404022,8277
10404023,9948
10404024,7983
10404025,8841
10405001,6535
10405002,6893
10405003,8662
10405004,4683
10405005,6235
10405006,11108
10405007,7160
10405008,10592
10405009,5572
10405010,6338
10405011,10597
10405012,6757
10405013,4803
10407001,8119
10407002,7725
10407003,4609
10407004,6896
10407005,5974
10407006,4255
10407007,11584
10408001,6210
10408002,5793
10408003,4582
10408004,5256
10408005,6067
10408006,8692
10408007,12740
10408008,5869
10408009,7738
10408010,5711
10501001,2830
10501002,927
10501003,360
10501004,4172
10502001,3521
10502002,2636
10502003,2647
10502004,4332
10503001,7454
10503002,6519
10503003,7280
10503004,5348
10503005,7103
10503006,4921
10503007,10962
19100001,26885
19100002,25584
19100003,31946
19100004,40916
19100005,24663
19100006,23473
19100007,30807
19100008,37744
19100009,29300
19100010,30521
19100011,41693
19100012,35392
19100013,45756
19100014,43289
19100015,22607
19100016,43110
19100017,41077
19100018,22303
19100019,54516
19100020,41763
19100021,21578
19100022,30846
19100023,33449
19100024,27731
19100025,40210
19100026,30741
19100027,28117
19100028,30827
19100029,43269
19100030,35723
19100031,35328
19100032,37430
19100033,43694
19100034,34393
19100035,40067
19100036,34166
19100037,22207
19100038,20632
19100039,24471
19100040,28472
19100041,21005
19100042,28083
19100043,40404
19100044,34404
19100045,34793
19100046,33890
19100047,34625
19100048,29752
19100049,37464
19100050,32977
19100051,23289
19100052,24675
19100053,29027
19100054,27903
19100055,35534
19100056,33797
19100057,33076
19100058,28623
19100059,23733
19100060,31679
19100061,31883
19100062,24832
19100063,27872
19100064,24490
19100065,28116
19100066,28845
19100067,48613
19100068,31832
19100069,37171
19100070,24934
19100071,27943
19100072,25190
19100073,24286
19100074,36822
19100075,37698
19100076,40965
19100077,28252
19100078,40070
19100079,35411
19100080,46151
19100081,32164
19100082,41382
19100083,24841
19100084,25294
19100085,33367
19100086,39177
19100087,29652
19100088,40913
19100089,27639
19100090,28576
19100091,30693
19100092,34700
19100093,31218
19100094,24968
19100095,58840
19100096,26835
19100097,28529
19100098,28971
19100099,52212
19100100,44307
19100101,37084
19100102,27040
19100103,41307
19100104,36974
19100105,39572
19100106,64512
19100107,43297
19100108,53538
19100109,40332
19100110,27794
19100111,37495
21001001,8745
21001002,7258
21001003,5919
21001004,10281
21001005,6018
21001006,6459
21001007,6313
21002001,4749
21002002,6747
21002003,6979
21002004,5933
21002005,5446
21002006,6148
21003001,2468
21003002,4044
21003003,1565
21003004,2460
21004001,2954
21004002,7096
21004003,6466
21004004,8469
21004005,8320
21004006,4708
21004007,2938
21004008,4587
21004009,5011
21004010,6751
21004011,6915
21004012,2928
21004013,6495
21004014,6752
21005001,5712
21005002,6948
21005003,6489
21005004,5194
21005005,6317
21005006,8990
21005007,5394
21005008,4333
21005009,6385
21005010,5415
21006001,6008
21006002,7305
21006003,7743
21006004,4832
21006005,5303
21006006,5739
21006007,8247
21006008,9328
21007001,2321
21007002,4728
21007003,7690
21007004,3022
21008001,2126
21008002,3136
21008003,797
21008004,14413
21008005,3262
21008006,5944
21008007,9416
21008008,8220
21008009,9908
21008010,6932
21008011,2885
21008012,6132
21008013,6485
21008014,7005
21008015,11899
21009001,10657
21009002,5851
21009003,5495
21009004,6325
21009005,6902
21009006,5434
21201001,7074
21201002,8396
21201003,6993
21201004,6979
21201005,9201
21201006,7901
21201007,6872
21201008,7960
21201009,11515
21201010,7969
21201011,7576
21201012,8105
21201013,7108
21201014,7417
21201015,11522
21201016,10372
21201017,8937
21201018,6449
21201019,12515
21201020,8988
21201021,6673
21201022,7788
21201023,8696
21201024,6948
21201025,7747
21201026,9336
21201027,6215
21201028,9375
21201029,6450
21201030,8487
21201031,7344
21202001,6164
21202002,7928
21202003,7606
21202004,8242
21202005,9581
21202006,6163
21202007,8812
21202008,7181
21202009,7960
21202010,6470
21202011,7916
21202012,7458
21202013,7156
21202014,7437
21202015,6120
21202016,7440
21202017,7976
21202018,8603
21202019,7522
21202020,7403
21202021,7737
21202022,9694
21202023,7495
21202024,10199
21202025,11611
21202026,10489
21202027,9460
21202028,8780
21202029,8893
21202030,7546
21202031,9348
21203001,6673
21203002,4336
21203003,5641
21203004,5960
21203005,5346
21203006,5715
21203007,5320
21204001,5481
21204002,7316
21204003,6012
21204004,6604
21204005,6922
21204006,7543
21204007,5595
21204008,6357
21204009,5126
21204010,5060
21204011,5133
21204012,7509
21204013,5074
21204014,7087
21204015,5667
21204016,7544
21204017,5135
21204018,5564
21204019,5647
21204020,6402
21206001,5555
21206002,5963
21206003,5830
21206004,5559
21206005,6065
21206006,5343
21206007,6051
21206008,5390
21206009,4897
21206010,5011
21206011,5964
21206012,4783
21206013,5777
21207001,4821
21207002,5803
21207003,5476
21207004,7460
21207005,5562
21207006,6143
21207007,6204
21207008,7097
21207009,8202
21207010,5880
21207011,4651
21207012,5605
21207013,6561
21207014,5962
21207015,7485
21207016,6784
21207017,4847
21207018,6327
21207019,5007
21207020,5355
21207021,5883
21208001,5366
21208002,4271
21208003,3386
21208004,11242
21301001,6929
21301002,5566
21301003,4917
21301004,6506
21301005,8750
21301006,12235
21301007,8402
21301008,6374
21301009,5881
21302001,7102
21302002,5642
21302003,7629
21302004,6059
21302005,6849
21303001,4541
21303002,5990
21303003,5847
21303004,5592
21304001,8906
21304002,6920
21304003,6699
21304004,5425
21304005,5977
21304006,7127
21304007,10464
21304008,6685
21304009,6908
21304010,4304
21304011,8211
21304012,5669
21304013,5494
21304014,6067
21304015,4822
21304016,6092
21304017,7035
21304018,12538
21304019,8835
21304020,6434
21304021,6101
21304022,7980
21304023,4675
21304024,5527
21304025,9429
21304026,9389
21304027,7010
21305001,7305
21305002,5712
21305003,6760
21305004,7750
21305005,8016
21305006,7246
21305007,6416
21305008,7438
21305009,5660
21305010,6149
21305011,5151
21305012,6414
21305013,7446
21305014,8783
21305015,7182
21305016,8439
21305017,7033
21305018,7414
21305019,5389
21305020,5984
21305021,7686
21306001,7031
21306002,5846
21306003,6900
21306004,6960
21306005,9648
21306006,7778
21306007,8311
21306008,7906
21306009,6754
21306010,5871
21306011,6915
21306012,6744
21306013,5818
21306014,7751
21306015,6901
21306016,6301
21306017,6024
21307001,6059
21307002,6670
21307003,5693
21307004,7279
21307005,6768
21307006,8093
21307007,7911
21307008,8618
21307009,7587
21307010,11471
21307011,5477
21307012,7668
21307013,7916
21307014,8073
21307015,9436
21307016,7819
21307017,8405
21307018,9067
21307019,8635
21307020,6868
21308001,8255
21308002,7172
21308003,8174
21308004,5752
21308005,8679
21308006,6173
21308007,6463
21308008,6636
21308009,6278
21401001,9459
21401002,9859
21401003,8131
21401004,6946
21401005,8447
21401006,5433
21401007,7598
21401008,6391
21401009,11223
21401010,8845
21401011,8649
21401012,7760
21401013,9557
21401014,6931
21401015,8632
21401016,7315
21401017,6966
21402001,6646
21402002,11856
21402003,5379
21402004,5026
21402005,5066
21402006,6638
21402007,7155
21402008,9953
21402009,6866
21402010,9053
21402011,7794
21402012,5621
21402013,6663
21402014,7115
21402015,6485
21402016,5778
21402017,6782
21402018,6037
21402019,8238
21403001,7435
21403002,9000
21403003,5695
21403004,7495
21403005,4936
21403006,9239
21404001,6184
21404002,4727
21404003,10149
21404004,5250
21404005,7368
21503001,6911
21503002,11334
21503003,8151
21503004,8651
21503005,10000
21503006,10459
21503007,10009
21503008,7320
21503009,9440
21503010,8251
21503011,9211
21503012,7630
21503013,9231
21503014,8716
21503015,6662
21503016,8123
21503017,7677
21503018,8194
21503019,11131
21503020,11271
21503021,11650
21503022,8849
21503023,6921
21503024,7864
21503025,8639
21503026,9206
21503027,6443
21503028,10533
21503029,9933
21503030,10786
21503031,9283
21504001,9332
21504002,8771
21504003,8790
21504004,7130
21504005,6899
21504006,5747
21504007,8173
21504008,6695
21504009,5907
21504010,8777
21504011,8678
21504012,9313
21504013,8260
21504014,6962
21504015,4018
21504016,6437
21504017,7348
21504018,8358
21504019,10625
21504020,9915
21505001,9967
21505002,8040
21505003,7489
21505004,7826
21505005,8633
21505006,10019
21505007,8045
21505008,7875
21505009,10426
21505010,10863
21505011,13246
21505012,10630
21505013,8490
21505014,8330
21505015,11882
21505016,8146
21505017,10266
21505018,8294
21505019,11095
21505020,11581
21505021,7405
21505022,10780
21505023,9405
21505024,7406
21505025,8559
21505026,11386
21505027,6598
21505028,8342
21505029,10212
21505030,10370
21505031,8786
21506001,7391
21506002,6687
21506003,7891
21506004,6999
21506005,6197
21506006,10579
21506007,5502
21506008,8398
21506009,5575
21506010,6341
21506011,7612
21506012,8360
21506013,8204
21506014,8164
21506015,9080
21506016,7440
21506017,8204
21506018,7139
21506019,6883
21506020,5747
21506021,6137
21506022,5930
21506023,7209
21506024,7700
21506025,7434
21506026,5423
21507001,10810
21507002,10223
21507003,12506
21507004,15895
21507005,8521
21507006,12196
21507007,2017
21507008,12304
21507009,12942
21507010,11198
21507011,23485
21507012,14209
21507013,9864
21507014,11717
21507015,11109
21507016,13335
21507017,11774
21507018,12297
21507019,13912
21507020,15030
21507021,14003
21507022,14369
21507023,15512
21507024,15889
21507025,19973
21507026,12511
21507027,12446
21507028,12022
21507029,13749
21507030,12756
21507031,12126
21507032,14161
21507033,12995
21507034,11725
21507035,12130
24401001,6434
24401002,13574
24401003,7811
24401004,8324
24401005,8474
24401006,7399
24401007,7611
24401008,9747
24401009,6605
24401010,8864
24401011,11421
24401012,6626
24401013,8241
24401014,6586
24401015,6715
24401016,6405
24401017,8509
24401018,7253
24401019,4124
24401020,11816
24401021,7142
24401022,6288
24401023,6344
24401024,5570
24401025,7067
24401026,8894
24402001,7683
24402002,5844
24402003,9196
24402004,7657
24402005,5691
24402006,6165
24402007,8037
24402008,6579
24402009,6008
24402010,7466
24402011,8256
24402012,6679
24402013,6266
24402014,7208
24402015,6579
24402016,8686
24402017,8223
24402018,6664
24402019,8189
24402020,7918
24402021,6536
24402022,7001
24402023,6732
24402024,7066
24402025,6346
24402026,7272
24402027,5672
24403001,7974
24403002,7705
24403003,7842
24403004,6871
24403005,8277
24403006,11818
24403007,8366
24403008,9059
24403009,12315
24403010,9673
24403011,8423
24403012,8465
24403013,8172
24403014,10190
24403015,9378
24403016,9065
24403017,11881
24403018,9420
24403019,10714
24403020,10286
24403021,6910
24403022,9044
24403023,12129
24403024,6853
24403025,11816
24403026,7673
24403027,9118
24403028,6923
24403029,8552
24403030,8837
24403031,8158
24404001,6227
24404002,7003
24404003,6280
24404004,5991
24404005,6127
24404006,6808
24404007,8237
24404008,7392
24404009,6920
24404010,5267
24404011,6426
24404012,6861
24404013,8882
24404014,6594
24404015,5237
24404016,8853
24404017,7188
24404018,7682
29200001,13084
29200002,11524
29200003,17953
29200004,12863
29200005,15062
29200006,14143
29200007,11688
29200008,10463
29200009,18544
29200010,19182
29200011,15537
29200012,15115
29200013,25944
29200014,9484
29200015,11911
29200016,27434
29200017,16574
29200018,11605
29200019,12460
29200020,11096
29200021,15556
29200022,15444
29200023,15436
29200024,14489
29200025,12916
29200026,16946
29200027,11274
29200028,16251
29200029,20569
29200030,12961
29200031,21062
29200032,14928
29200033,15945
29200034,13000
29200035,14110
29200036,15705
29200037,13770
29200038,15549
29200039,16302
29200040,12284
29200041,12548
29200042,14580
29200043,18664
29200044,21582
29200045,12808
29200046,19537
29200047,13737
29200048,11770
29200049,12680
29200050,11128
29300001,19145
29300002,21026
29300003,15385
29300004,25814
29300005,18225
29300006,13800
29300007,17756
29300008,20456
29300009,15866
29300010,18797
29300011,16558
29300012,26935
29300013,20394
29300014,13035
29300015,15287
29300016,9186
29300017,15611
29300018,16937
29300019,11546
29300020,11391
29300021,13937
29300022,15583
29300023,13585
29300024,14605
29300025,16890
29300026,11590
29300027,14455
29300028,17680
29300029,20526
29300030,14957
29300031,20816
29300032,22827
29300033,17629
29300034,21649
29300035,19679
29300036,13736
29300037,19509
29300038,17632
29300039,17308
29300040,27014
29300041,49736
29300042,19191
29300043,16392
29300044,26152
29300045,20835
29300046,18403
29300047,15247
29300048,16199
29300049,18595
29300050,25143
29300051,24245
29300052,23583
29300053,31752
29300054,25244
29300055,26472
29300056,24179
29300057,16583
29300058,17443
29300059,16820
29300060,25143
30601001,2103
30601002,3731
30601003,3160
30601004,2988
30602001,5489
30602002,5477
30602003,4684
30602004,3815
30602005,5267
30602006,6111
30602007,5246
30602008,5386
30602009,5566
30604001,2027
30604002,3262
30604003,2630
30604004,2268
30605001,3944
30605002,5624
30605003,4004
30605004,4484
30605005,3523
30606001,3368
30606002,3029
30606003,3071
30606004,3121
30607001,3520
30607002,2585
30607003,2957
30607004,3403
30701001,5122
30701002,5350
30701003,4714
30701004,3415
30702001,6558
30702002,4560
30702003,6816
30702004,6078
30702005,4365
30703001,5173
30703002,7996
30703003,5418
30703004,5353
30703005,6050
30703006,6178
30703007,6188
30704001,2750
30704002,3862
30704003,2169
30704004,2892
30705001,2989
30705002,4254
30705003,1587
30705004,2148
30706001,3536
30706002,4559
30706003,3264
30706004,4341
30707001,6495
30707002,3787
30707003,6380
30707004,4929
30708001,5962
30708002,4813
30708003,6999
30708004,8173
30708005,4750
30708006,6379
30801001,484
30801002,2757
30801003,2293
30801004,1469
30802001,11408
30802002,8191
30802003,9517
30802004,6375
30802005,5499
30802006,7684
30802007,4856
30802008,5660
30802009,6679
30803001,6397
30803002,7695
30803003,5328
30803004,4714
30803005,7121
30803006,6910
30803007,3626
30803008,6791
30803009,6543
30803010,10256
30803011,7538
30803012,6636
30803013,8350
30803014,5589
30804001,4345
30804002,4891
30804003,3821
30804004,3580
30805001,4021
30805002,6648
30805003,5715
30805004,5425
30805005,7743
30805006,5541
30806001,4260
30806002,2906
30806003,7009
30806004,4512
30901001,5911
30901002,11377
30901003,8480
30901004,7190
30901005,7413
30901006,7156
30901007,8777
30901008,9130
30901009,7189
30901010,6766
30901011,7388
30901012,6050
30901013,8594
30901014,6556
30901015,7253
30901016,13043
30901017,10659
30901018,4518
30901019,6865
30901020,7743
30901021,8454
30901022,9685
30901023,5669
30901024,5966
30901025,8688
30901026,9679
30901027,10540
30901028,9529
30901029,1910
30901030,9891
30901031,9970
30902001,5762
30902002,6783
30902003,8905
30902004,6250
30902005,7626
30902006,4847
30902007,6667
30903001,7517
30903002,4940
30903003,2570
30903004,6037
30903005,3140
30904001,8209
30904002,5257
30904003,4571
30904004,5867
30904005,9371
30904006,3297
30904007,9342
30904008,9243
30904009,7844
34501001,5533
34501002,5887
34501003,5640
34501004,6803
34501005,5882
34501006,5970
34501007,4550
34501008,5210
34501009,7411
34501010,6728
34501011,5589
34501012,5762
34501013,7438
34501014,5182
34501015,5945
34502001,6121
34502002,8751
34502003,9996
34502004,5824
34502005,3292
34502006,8819
34502007,5819
34502008,5991
34502009,3784
34502010,11176
34502011,6933
34502012,10294
34502013,6851
34503001,11552
34503002,7909
34503003,6242
34503004,8015
34503005,7899
41601001,5888
41601002,6735
41601003,7273
41601004,5734
41601005,6657
41601006,6340
41602001,6231
41602002,6874
41602003,6736
41602004,5682
41602005,5738
41602006,5729
41602007,5720
41602008,6460
41603001,6181
41603002,7370
41603003,6307
41603004,2982
41603005,4762
41603006,6543
41604001,8447
41604002,5325
41604003,5471
41604004,5070
41801001,4788
41801002,7652
41801003,6857
41801004,4410
41801005,10104
41801006,5222
41801007,6604
41801008,4814
41801009,7772
41801010,5110
41802001,7082
41802002,8509
41802003,8600
41802004,4795
41803001,4974
41803002,4700
41803003,6321
41803004,7453
41803005,7287
41803006,5739
41803007,5492
41803008,5660
41804001,11741
41804002,12591
41804003,13988
41804004,11727
41804005,11108
41804006,9642
41804007,12196
41804008,10167
41804009,11381
41804010,11937
41804011,12630
41804012,17832
41804013,6541
41804014,12376
41804015,13093
41804016,13821
41804017,14173
41804018,9685
41804019,14259
41804020,11058
41804021,12823
41804022,12495
41804023,6653
41804024,6817
41804025,14589
41804026,8875
41804027,10144
41804028,8262
41804029,7711
41804030,9089
41804031,9207
41804032,11854
41804033,9721
41804034,12915
41804035,11693
41804036,11668
41805001,7136
41805002,5496
41805003,6688
41805004,7936
41805005,6615
41805006,5606
41805007,5484
41805008,5587
41805009,10622
41805010,6485
41805011,7945
41805012,5619
41901001,5494
41901002,10008
41901003,5419
41901004,5002
41901005,2797
41901006,10612
41901007,7131
41901008,8323
41901009,6208
41901010,3948
41901011,6281
41901012,5259
41901013,7515
41901014,5721
41901015,8704
41901016,7178
41901017,1734
41901018,5265
41902001,6132
41902002,4965
41902003,6694
41902004,6341
41902005,5097
41902006,6882
41902007,5300
41902008,5821
41902009,3016
41902010,3960
41902011,9464
41902012,9273
41902013,3276
41902014,6177
41902015,6611
41902016,5727
41902017,7014
41902018,7713
41902019,11336
41902020,7905
41903001,6785
41903002,7505
41903003,7926
41903004,5866
41903005,6043
41903006,6513
41903007,6452
41903008,5134
41903009,8102
41904001,14378
41904002,8903
41904003,8591
41904004,8428
41904005,10615
41904006,6582
41904007,8037
41904008,4794
41904009,10000
41904010,8796
41904011,8654
41904012,12846
41904013,8575
41904014,9486
41904015,9212
41904016,9357
41904017,7732
41904018,8071
41904019,9815
41904020,6899
41904021,9809
41904022,12089
41904023,9853
41904024,16428
41904025,7914
41904026,6750
41904027,9184
41904028,11871
41904029,9633
41904030,6872
41904031,8387
41904032,13013
41904033,12613
41904034,14917
41904035,6681
41905001,2320
41905002,6371
41905003,4128
41905004,5512
41905005,6878
41905006,5784
41905007,6477
41905008,10301
41906001,6348
41906002,5822
41906003,5759
41906004,7445
41906005,5367
41906006,4732
41906007,5261
41906008,5483
41906009,4839
42001001,7794
42001002,8179
42001003,8387
42001004,6599
42001005,7050
42001006,2963
42001007,7828
42001008,5058
42001009,7904
42001010,5407
42001011,4654
42001012,4470
42001013,8073
42001014,4382
42001015,5845
42001016,6875
42001017,5274
42001018,7349
42001019,6815
42001020,7683
42001021,6697
42001022,7424
42001023,4132
42001024,6220
42001025,7470
42003001,7909
42003002,5570
42003003,5520
42003004,3474
42003005,4672
42003006,2210
42003007,9797
42003008,12183
42003009,5676
42003010,5461
42003011,4228
42003012,5458
42003013,5439
42003014,6147
42003015,4523
42003016,8770
42003017,7138
42003018,4899
42003019,6729
42003020,4716
42004001,16214
42004002,4486
42004003,5938
42004004,5429
42004005,6701
42004006,4928
42004007,4012
42004008,7347
42004009,4953
42004010,7079
42004011,5109
42004012,4073
42004013,12514
42004014,10682
42004015,3341
42004016,6693
42004017,7835
42004018,3008
42004019,12674
42004020,11733
42004021,4357
42005001,4145
42005002,9607
42005003,5913
42005004,6213
42005005,5382
42005006,5266
42005007,6679
42005008,7370
42005009,7300
49400001,12448
49400002,13204
49400003,12084
49400004,12259
49400005,14635
49400006,16963
49400007,8010
49400008,16849
49400009,12895
49400010,17293
49400011,14912
49400012,22409
49400013,9329
49400014,14938
49400015,14720
49400016,14317
49400017,16454
49400018,24178
49400019,13737
49400020,13102
49400021,10426
49400022,13213
49400023,10461
49400024,10806
49400025,13283
49400026,10608
49400027,21669
49400028,15312
49400029,13864
49400030,15311
49400031,11731
49400032,13080
49400033,13801
49400034,18605
49400035,17709
49400036,13607
49400037,18832
49400038,11913
49400039,12992
49400040,12277
49400041,12088
49400042,12230
49400043,14522
49400044,18903
49400045,35119
49400046,39055
49400047,14939
49400048,11437
49400049,14898
52101001,7185
52101002,7322
52101003,6229
52101004,8044
52101005,10626
52101006,9370
52101007,6153
52101008,6853
52101009,8639
52101010,6981
52102001,7455
52102002,9905
52102003,9298
52102004,6863
52102005,6556
52102006,6078
52102007,8765
52102008,9211
52102009,6731
52102010,8013
52103001,7681
52103002,8818
52103003,9090
52103004,9561
52103005,9517
52103006,5923
52103007,6113
52103008,8311
52103009,6303
52103010,11240
52103011,8595
52103012,6589
52103013,6730
52103014,7740
52103015,8997
52103016,9277
52103017,7699
52103018,13056
52103019,9735
52104001,9751
52104002,10478
52104003,9544
52104004,8235
52104005,9738
52104006,7651
52104007,10688
52104008,9789
52104009,10205
52104010,10479
52105001,7387
52105002,7299
52105003,10228
52105004,9428
52105005,10530
52105006,7667
52106001,7459
52106002,8838
52106003,8531
52106004,8534
52106005,9348
52106006,9115
52106007,8551
52106008,7982
52106009,12015
52106010,10636
52106011,8798
52106012,9904
52106013,5713
52106014,8026
52106015,5805
52106016,7519
52106017,8356
52106018,8004
52106019,5804
52106020,14855
52106021,7126
52106022,8436
52106023,6523
52106024,9789
52106025,9377
52106026,12821
52106027,11089
52106028,6938
52106029,10243
52201001,12507
52201002,5935
52201003,10186
52201004,9225
52201005,11157
52201006,7560
52201007,5578
52201008,6857
52201009,10010
52201010,6635
52201011,7392
52201012,8027
52201013,5304
52202001,7661
52202002,1266
52202003,6411
52202004,9302
52202005,7051
52202006,7345
52202007,7664
52202008,13507
52202009,9572
52202010,5307
52202011,7320
52202012,10302
52203001,11414
52203002,8464
52203003,6917
52203004,11309
52204001,8683
52204002,9546
52204003,8069
52204004,6806
52205001,18770
52205002,18433
52205003,15575
52205004,14223
52205005,15840
52205006,17282
52205007,18050
52205008,15290
52205009,14538
52205010,14152
52205011,19945
52205012,11775
52205013,21953
52205014,15317
52205015,18542
52205016,21232
52205017,21531
52205018,20708
52205019,16445
52205020,13667
52205021,9972
52205022,14666
52205023,14384
52205024,16181
52205025,15461
52205026,17786
52205027,13037
52205028,20581
52205029,18982
52205030,20087
52205031,12095
52205032,15973
52205033,12908
52205034,21408
52205035,16842
52205036,19480
52205037,15423
52206001,11462
52206002,10211
52206003,7591
52206004,9196
52206005,8462
52206006,8911
52206007,7309
52207001,6836
52207002,10285
52207003,14612
52207004,3823
52207005,8867
52207006,10585
52207007,10785
52302001,8569
52302002,7377
52302003,10557
52302004,5636
52302005,8874
52302006,9547
52302007,8704
52302008,6688
52302009,10415
52302010,6648
52302011,7597
52302012,6495
52302013,12586
52302014,12098
52302015,7960
52302016,7301
52302017,7932
52302018,8227
52302019,7708
52302020,11079
52302021,8538
52302022,10384
52302023,7655
52302024,8396
52302025,9602
52302026,6390
52302027,14473
52303001,10257
52303002,11468
52303003,9909
52303004,11120
52303005,8966
52303006,9687
52303007,10393
52303008,11157
52303009,10967
52303010,9193
52304001,9507
52304002,8371
52304003,10074
52304004,8224
52304005,9662
52304006,7539
52304007,9549
52304008,11337
52304009,8891
52305001,9295
52305002,11065
52305003,9113
52305004,9262
52305005,8556
52305006,9223
52305007,8720
52305008,8918
52305009,8711
52305010,9327
52305011,10885
52305012,10114
52305013,9316
52305014,9564
52306001,8442
52306002,7637
52306003,7397
52306004,9232
52306005,7060
52306006,8581
52306007,7240
52306008,9424
52306009,10334
52306010,11907
52306011,8785
52306012,7011
52306013,10023
52401001,6950
52401002,13130
52401003,15093
52401004,8390
52401005,9825
52401006,11474
52402001,13243
52402002,9438
52402003,11165
52402004,8720
52402005,9492
52402006,7376
52402007,8818
52402008,8762
52402009,9523
52402010,10800
52402011,12042
52402012,8313
52402013,9694
52402014,10180
52402015,11065
52402016,8060
52402017,8614
52404001,9943
52404002,9301
52404003,10139
52404004,10128
52404005,13515
52404006,10155
52404007,7693
52404008,7216
52404009,9292
52404010,8838
52404011,9118
52404012,8432
52404013,7882
52404014,10567
52404015,8096
52404016,8968
52404017,10616
52404018,7766
52404019,9912
52405001,10608
52405002,9887
52405003,9596
52405004,8081
52405005,9645
52405006,8796
52405007,11314
52405008,11910
52405009,4875
52405010,8673
52405011,9708
52502001,15843
52502002,10354
52502003,8182
52502004,9193
52502005,9958
52502006,22042
52502007,16686
52502008,9124
52502009,14513
52502010,10641
52502011,10444
52502012,9420
52502013,8542
52502014,14381
52502015,11236
52502016,14795
52502017,11179
52502018,12835
52502019,10018
52502020,14684
52502021,13865
52502022,8777
52502023,9794
52502024,12717
52502025,13469
52502026,7181
52502027,11031
52502028,7398
52502029,11065
52502030,12491
52502031,11379
52503001,10908
52503002,5290
52503003,9443
52503004,8801
52504001,9749
52504002,8095
52504003,9101
52504004,9213
52504005,7424
52504006,9538
52504007,8094
52504008,9446
52504009,9787
52504010,11484
52504011,10232
52601001,12711
52601002,14142
52601003,10953
52601004,10113
52601005,8526
52601006,8135
52601007,8607
52601008,8866
52602001,11503
52602002,8662
52602003,8064
52602004,10736
52602005,8320
52602006,7716
52602007,7301
52602008,7862
52602009,11983
52602010,10880
52602011,10890
52602012,9374
52602013,5159
52602014,8786
52603001,10006
52603002,8522
52603003,11176
52603004,6977
52603005,10760
52603006,10335
52603007,10947
52603008,4831
52603009,6353
52603010,2707
52603011,11360
52603012,12709
52603013,14255
52603014,8604
52603015,8107
52603016,9417
52603017,11884
52603018,8087
52603019,7440
52603020,11121
52603021,12607
52603022,12855
52605001,10598
52605002,10518
52605003,10886
52605004,12255
52605005,9448
52605006,7569
52605007,9943
52605008,8275
52605009,13121
52605010,8926
52605011,10021
52605012,10164
52605013,6546
52605014,11267
52605015,7521
52605016,15340
52605017,8454
52605018,10476
52605019,402
52605020,5808
52605021,7370
52606001,6422
52606002,9660
52606003,6682
52606004,7434
52606005,9084
52606006,6581
52606007,6749
52606008,9469
52606009,8174
52606010,6229
52606011,8784
52606012,6263
52606013,9300
52606014,9248
52606015,8975
52606016,9072
52606017,8694
52606018,9069
52606019,4532
52606020,8116
52606021,8455
52606022,7910
52606023,6641
52606024,6774
52701001,4709
52701002,7744
52701003,11400
52701004,12089
52701005,8888
52701006,13064
52701007,9796
52701008,8493
52701009,11841
52701010,7189
52701011,9587
52701012,7333
52701013,8918
52701014,8112
52701015,10400
52701016,7676
52701017,9496
52702001,7173
52702002,8144
52702003,9422
52702004,8292
52702005,13677
52702006,6939
52702007,9574
52702008,8504
52702009,9506
52702010,11085
52702011,8094
52702012,10401
52702013,10775
52702014,11634
52702015,8465
52702016,9494
52702017,10425
52702018,7939
52702019,8813
52702020,8148
52703001,10074
52703002,7339
52703003,6813
52703004,11033
52704001,6647
52704002,5087
52704003,12290
52704004,11269
52704005,7661
52704006,8349
52704007,8222
52704008,12399
52705001,5839
52705002,15302
52705003,15471
52705004,6506
52705005,3798
52705006,15005
52705007,8217
52705008,9808
52705009,7032
52705010,9579
52705011,8105
52705012,9074
52705013,5182
52705014,7094
52705015,7493
52705016,11898
52705017,8637
52705018,12439
52705019,8945
52801001,5292
52801002,5355
52801003,7628
52801004,10777
52801005,7880
52801006,7652
52801007,5841
52801008,10666
52801009,10371
52801010,7348
52801011,8348
52801012,8240
52801013,7264
52801014,10698
52801015,9529
52802001,12145
52802002,12254
52802003,9058
52802004,12472
52802005,15564
52802006,12544
52802007,5896
52802008,5137
52802009,13558
52802010,11310
52802011,9131
52802012,8574
52802013,14928
52802014,12315
52802015,12252
52802016,7801
52802017,10463
52802018,14887
52802019,12020
52802020,8552
52802021,6950
52802022,9181
52802023,10703
52802024,18331
52802025,13871
52802026,11523
52802027,8873
52802028,7440
52802029,15367
52802030,11359
52803001,7002
52803002,9520
52803003,10295
52803004,8063
52803005,10707
52803006,9455
52803007,9820
52803008,9474
52804001,7451
52804002,7936
52804003,7234
52804004,8912
52804005,9785
52804006,6930
52804007,7809
52804008,9207
52804009,8211
52804010,9346
52804011,8345
52804012,5638
52804013,9065
52804014,8711
52804015,9463
52804016,11850
52804017,6871
52804018,3928
52804019,7250
52804020,10688
52804021,6939
52804022,7150
52804023,9022
52804024,9438
52804025,6890
52804026,9529
52805001,8259
52805002,7117
52805003,8845
52805004,7722
52805005,9960
52805006,5914
52806001,10630
52806002,7144
52806003,7731
52806004,6370
52806005,8762
52806006,9079
52806007,8564
52806008,6853
52806009,7527
52806010,8671
52806011,6464
52806012,8878
52806013,9594
52806014,8147
52901001,8174
52901002,8503
52901003,8163
52901004,9852
52901005,7054
52901006,6859
52901007,9516
52901008,9357
52901009,9222
52901010,8216
52901011,7938
52901012,12957
52901013,3560
52901014,9774
52901015,4059
52901016,9185
52901017,5691
52902001,7446
52902002,9284
52902003,6129
52902004,8720
52902005,7867
52902006,7611
52902007,11158
52902008,7897
52902009,7471
52902010,10216
52902011,9198
52902012,11450
52902013,8528
52902014,8210
52902015,11716
52902016,9570
52902017,6808
52902018,8081
52902019,7962
52902020,3506
52902021,6992
52902022,11692
52902023,11159
52902024,11503
52902025,8210
52902026,6132
52902027,6673
52903001,6530
52903002,5570
52903003,9042
52903004,6417
52903005,6405
52903006,9029
52903007,5007
52903008,7449
52903009,5084
52903010,8310
52903011,7747
52903012,10870
52903013,8882
52903014,6612
52903015,6724
52903016,7786
52903017,7317
52903018,7077
52903019,8959
52904001,8499
52904002,9806
52904003,8375
52904004,10173
52904005,10586
52904006,7525
52904007,7977
52904008,9232
52904009,7933
52904010,9815
52904011,6803
54301001,10185
54301002,9505
54301003,9913
54301004,9347
54301005,8368
54301006,9543
54301007,7885
54301008,8957
54301009,10269
54301010,8758
54301011,7818
54302001,3224
54302002,4009
54302003,3107
54302004,2558
54303001,11441
54303002,7327
54303003,6775
54303004,11614
54303005,3437
54303006,9629
54303007,6937
54303008,8821
54304001,7693
54304002,5694
54304003,9136
54304004,11327
54304005,8683
54304006,7580
54304007,7303
54304008,11646
54304009,6753
54304010,8129
54304011,7742
54304012,10005
54305001,9601
54305002,9348
54305003,7445
54305004,8457
54305005,9577
54305006,10501
54305007,9110
54305008,9028
54305009,7450
54305010,10030
54305011,7177
54305012,9782
54305013,10814
54305014,10358
54305015,7497
54305016,8742
54305017,9188
54305018,8876
54305019,7718
54305020,9601
59500001,30819
59500002,30435
59500003,42406
59500004,37964
59500005,28601
59500006,27805
59500007,29650
59500008,35539
59500009,31923
59500010,22249
59500011,48704
59500012,27055
59500013,35708
59500014,26829
59500015,39344
59500016,36576
59500017,36731
59500018,28459
59500019,43521
59500020,23536
59500021,26981
59500022,25534
59500023,30590
59500024,33455
59500025,39024
59500026,34600
59500027,22973
59500028,23170
59500029,33831
59500030,37545
59500031,33111
59500032,22125
59500033,31928
59500034,37213
59500035,31085
59500036,31159
59500037,40778
59500038,38952
59500039,24614
59500040,30043
59500041,35332
59500042,38844
59500043,33212
59500044,41979
59500045,38693
59500046,29458
59500047,30924
59500048,30079
59500049,36168
59500050,28546
59500051,40217
59500052,35294
59500053,35857
59500054,31179
59500055,43056
59500056,42236
59500057,35633
59500058,37666
59500059,45343
59500060,37236
59500061,33270
59500062,30598
59500063,34023
59500064,35735
59500065,42805
59500066,30855
59500067,44875
59500068,39356
59500069,32592
59500070,29978
59500071,36394
59500072,39324
59500073,31454
59500074,22879
59500075,21669
59500076,19388
59500077,46048
59500078,28385
59500079,38984
59500080,30678
59500081,24682
59500082,29223
59500083,36251
59500084,39176
59500085,32111
59500086,34033
59500087,26620
59500088,35549
59500089,31762
59500090,26296
59500091,35257
59500092,27639
59500093,36025
59500094,29969
59500095,38546
59500096,34354
59500097,25072
59500098,46511
59500099,37572
59500100,32328
59500101,25460
59500102,41333
59500103,27782
63701001,7653
63701002,8051
63701003,8843
63701004,6598
63701005,5895
63701006,5302
63701007,6719
63701008,6123
63701009,4854
63701010,6005
63701011,7135
63701012,8677
63701013,11186
63701014,7397
63701015,4651
63701016,6608
63701017,4510
63701018,5552
63701019,6874
63701020,5694
63701021,5255
63701022,8315
63701023,6790
63701024,4734
63701025,6359
63701026,6996
63701027,4697
63701028,9473
63702001,9517
63702002,8612
63702003,10883
63702004,9436
63702005,12358
63702006,9319
63702007,9546
63702008,10631
63702009,14233
63702010,20149
63702011,12909
63702012,8919
63702013,7560
63702014,23006
63702015,8881
63702016,13275
63702017,13827
63702018,11278
63702019,11949
63702020,11629
63702021,13478
63702022,14539
63702023,5709
63702024,13815
63702025,36965
63702026,20376
63702027,16090
63702028,11785
63702029,21170
63702030,16890
63702031,8511
63702032,8658
63702033,14720
63702034,9907
63702035,15864
63702036,10989
63703001,15820
63703002,16792
63703003,10730
63703004,13767
63703005,9015
63703006,12750
63703007,17903
63703008,21899
63703009,8511
63703010,19055
63703011,17577
63703012,15015
63703013,7842
63703014,9480
63703015,12634
63703016,9524
63703017,20888
63703018,23502
63703019,24099
63703020,8716
63703021,18129
63703022,18521
63703023,12715
63703024,25472
63703025,10075
63703026,13973
63703027,14693
63703028,11699
63703029,17599
63703030,13531
63703031,11835
63703032,16666
63703033,6445
63703034,10692
63703035,10803
63703036,16932
63703037,21164
63703038,3112
63704001,8580
63704002,10078
63704003,4908
63704004,5252
63704005,11562
63704006,10668
63705001,6066
63705002,7531
63705003,6653
63705004,9997
63705005,10398
63705006,6946
63705007,7286
63705008,7138
63705009,8769
63705010,12048
63705011,6153
63705012,5595
63705013,7061
63705014,7668
63705015,7562
63705016,9938
63705017,9346
63705018,6715
63705019,7510
63705020,7230
63705021,8318
63705022,7230
63705023,7841
63705024,4255
63705025,7346
63705026,7583
63705027,8655
63705028,9579
63705029,9245
63705030,7363
63705031,7529
63801001,7383
63801002,6390
63801003,7234
63801004,8571
63801005,5530
63801006,5959
63801007,8014
63801008,11564
63801009,9025
63801010,3121
63801011,7166
63801012,7020
63801013,10514
63801014,9849
63802001,9841
63802002,7669
63802003,6460
63802004,7683
63802005,6827
63802006,8214
63802007,8454
63802008,4565
63802009,16581
63802010,10230
63802011,7667
63802012,11129
63802013,3482
63802014,6820
63802015,8595
63803001,10352
63803002,8054
63803003,8583
63803004,9183
63803005,3492
63803006,10793
63803007,15157
63803008,6913
63803009,11276
63803010,6667
63803011,5669
63803012,9580
63803013,14985
63803014,13264
63803015,8062
63803016,10625
63803017,7879
63803018,9654
63803019,5421
63803020,5803
63803021,8302
63803022,12504
63803023,8040
63803024,9011
63803025,8108
63803026,9473
63803027,10946
63803028,11360
63803029,11099
63803030,8842
63803031,12430
63804001,6694
63804002,6025
63804003,8140
63804004,9390
63804005,8393
63804006,6010
63804007,5002
63804008,7124
63804009,4765
63804010,8999
63804011,6433
63804012,6140
63804013,11532
63804014,11651
63804015,11255
63804016,10973
63804017,6879
63804018,5527
63804019,7336
63804020,8914
63804021,11719
63805001,4776
63805002,8768
63805003,5621
63805004,6924
63805005,6346
63805006,5078
63805007,7874
63805008,6472
63805009,5818
63805010,4867
63805011,10509
63805012,7807
63805013,10019
63805014,8192
63805015,6719
63805016,9267
63805017,7944
63805018,7318
63805019,13539
63805020,6853
63902001,9260
63902002,6825
63902003,8571
63902004,11364
63902005,8945
63902006,4750
63902007,7143
63902008,5105
63902009,4818
63903001,8328
63903002,4862
63903003,8167
63903004,6371
63903005,9763
63903006,7990
63903007,8363
63903008,6510
63904001,7641
63904002,9610
63904003,7263
63904004,5923
63904005,7421
63904006,8718
63904007,5694
63904008,6679
63904009,8165
63904010,6912
63904011,5612
63904012,7598
63904013,6057
63904014,6438
63904015,7190
63904016,5877
63904017,6895
63904018,7582
63904019,5743
63904020,7057
63904021,7293
63904022,5608
63904023,5306
63904024,6748
63904025,6801
63904026,5811
63906001,9540
63906002,4862
63906003,8766
63906004,5472
63906005,9024
63906006,6910
63906007,8675
63907001,8113
63907002,7333
63907003,11073
63907004,6901
63907005,4530
63907006,6341
63907007,7355
63907008,6970
63907009,4940
63907010,8109
63907011,6077
63907012,5776
63907013,7885
63907014,7591
63907015,6792
64001001,4553
64001002,4689
64001003,14594
64001004,9415
64001005,12598
64001006,10851
64002001,5884
64002002,14198
64002003,10874
64002004,9529
64002005,2839
64002006,4312
64002007,5530
64002008,4399
64002009,7592
64002010,4171
64002011,2666
64002012,5617
64002013,8921
64002014,4468
64002015,4577
64002016,4396
64002017,5522
64002018,6278
64002019,9430
64002020,6499
64002021,12749
64002022,2375
64002023,4341
64002024,1288
64002025,3449
64002026,10859
64003001,16566
64003002,15699
64003003,10151
64003004,19610
64003005,12409
64003006,12890
64003007,11478
64003008,9369
64003009,10010
64003010,6947
64003011,7695
64003012,15586
64003013,11263
64003014,10441
64003015,10730
64003016,9242
64003017,11535
64003018,12681
64003019,13612
64003020,6096
64003021,7959
64003022,19546
64003023,12969
64003024,10103
64003025,9339
64003026,8787
64003027,11621
64003028,10435
64003029,10075
64003030,9898
64003031,12981
64003032,9464
64003033,11209
64003034,7812
64003035,12467
64004001,5835
64004002,5688
64004003,5271
64004004,6277
64004005,6172
64004006,6363
64004007,3418
64004008,14931
64004009,5379
64004010,10600
64004011,7859
74201001,16215
74201002,16878
74201003,18334
74201004,14718
74201005,17323
74201006,25040
74201007,19082
74201008,13750
74201009,17990
74201010,21061
74201011,21380
74201012,11188
74201013,14780
74201014,11675
74201015,20579
74201016,15402
74201017,10385
74201018,15152
74201019,17460
74201020,17458
74201021,19787
74201022,17958
74201023,14715
74201024,11772
74201025,20695
74201026,26637
74201027,11329
74201028,25120
74201029,16211
74201030,12320
74201031,11707
74201032,11664
74201033,15878
74201034,11862
74201035,11322
74201036,22179
74201037,11804
74201038,15291
74201039,13555
74201040,12739
74201041,13298
74201042,8714
74201043,16786
74201044,18610
74201045,13861
74202001,7260
74202002,5059
74202003,5599
74202004,8094
74202005,10377
74202006,9405
74202007,6819
74202008,8557
74202009,896
74202010,8791
74202011,7170
74202012,3856
74202013,7334
74202014,6084
74203001,5795
74203002,8117
74203003,6912
74203004,6636
74203005,6890
74203006,6212
74203007,10186
74203008,10247
74203009,6417
74203010,7224
74203011,6489
74203012,9825
74203013,8569
74801001,13539
74801002,15864
74801003,13303
74801004,12858
74801005,7792
74801006,7845
74801007,9954
74801008,11226
74801009,6650
74801010,8544
74801011,13246
74801012,6524
74801013,10049
74801014,13382
74801015,7533
74801016,11591
74801017,8809
74801018,10231
74801019,6700
74801020,12204
74801021,9522
74801022,10279
74801023,11541
74801024,12809
74801025,6841
74801026,15901
74801027,13399
74801028,9624
74801029,7852
74801030,15943
74801031,10300
74801032,7479
74801033,8279
74801034,14811
74802001,10950
74802002,11794
74802003,6329
74802004,4275
74802005,4866
74802006,6698
74802007,7879
74802008,10027
74802009,9755
74802010,4090
74802011,3932
74802012,6403
74802013,7397
74802014,6843
74802015,6790
74802016,7600
74802017,4137
74802018,7243
74802019,4536
74802020,8809
74802021,4334
74802022,4599
74803001,7490
74803002,8890
74803003,2724
74803004,5028
74803005,5059
74803006,7791
74803007,8563
74803008,9788
74803009,6210
74803010,7740
74803011,4846
74803012,8082
74803013,6221
74803014,6981
74803015,6609
74803016,9746
74804001,11050
74804002,8118
74804003,6386
74804004,9138
74804005,2616
74804006,5784
74804007,7777
74804008,6078
74804009,6078
74804010,6580
74804011,6032
74804012,5800
74804013,7568
74804014,8023
74804015,4968
74804016,7529
74804017,5748
74804018,5744
74804019,3798
74804020,9722
74804021,13913
74804022,7160
74804023,6777
74804024,5269
74804025,7440
74804026,10734
74804027,5051
74804028,6637
79700001,54887
79700002,33105
79700003,26325
79700004,13119
79700005,27208
79700006,29557
79700007,25546
79700008,32571
79700009,24274
79700010,25729
79700011,30888
79700012,36772
79700013,29580
79700014,31046
79700015,29442
79700016,27285
79700017,36765
79700018,27441
79700019,26608
79700020,28918
79700021,43110
79700022,29238
79700023,28739
79700024,46046
79700025,44065
79700026,33025
79700027,23858
79700028,25854
79700029,18506
79700030,22602
79700031,34177
79700032,24277
79700033,40747
79700034,25978
79700035,28099
79700036,27056
79700037,30436
79700038,33677
79700039,34617
79700040,30488
79700041,42410
79700042,36028
79700043,26967
79700044,32104
79700045,30413
79700046,27605
79700047,30275
79700048,23139
79700049,25275
79700050,27412
79700051,30917
79700052,32880
79700053,35887
79700054,26043
79700055,29825
79700056,24148
79700057,34258
79700058,44343
79700059,32178
79700060,31405
79700061,38898
79700062,23846
79700063,35461
79700064,34476
79700065,39371
79700066,41953
79700067,34164
79700068,33503
79700069,21670
79700070,23277
79700071,42563
79700072,32289
79700073,32533
79700074,26839
79700075,33174
79700076,28631
79700077,32523
79700078,23804
79700079,32437
79700080,21911
79700081,44463
79700082,26936
79700083,25634
79700084,39715
79700085,30536
79700086,39263
79700087,30638
79700088,31456
79700089,51271
79700090,32457
79700091,33407
79700092,29853
79700093,23828
79700094,26646
79700095,29330
79700096,27209
79700097,34634
79700098,22029
79700099,47532
79700100,30875
79700101,42270
79800001,45504
79800002,41666
79800003,31570
79800004,41618
79800005,49754
79800006,38279
79800007,39143
79800008,40110
79800009,29971
79800010,33999
79800011,33274
79800012,27307
79800013,37665
79800014,31068
79800015,26784
79800016,26984
79800017,37758
79800018,38490
79800019,28671
79800020,31997
79800021,29260
79800022,31693
79800023,32188
79800024,33952
79800025,35598
79800026,25365
79800027,24888
79800028,28953
79800029,30347
79800030,34724
79800031,27688
79800032,41168
79800033,27909
79800034,28493
79800035,25170
79800036,24480
79800037,30072
79800038,21716
79800039,31783
79800040,25000
79800041,24895
79800042,23975
79800043,26141
79800044,54534
79800045,27811
79800046,28542
79800047,29408
79800048,32186
79800049,50852
79800050,23295
79800051,28409
79800052,29733
79800053,63288
79800054,42813
79800055,29947
79800056,31096
79800057,36671
79800058,31418
79800059,5544
79800060,45373
79800061,16972
79800062,21145
79800063,27082
79800064,34307
79800065,24035
79800066,45451
79800067,22168
79800068,33029
79800069,33713
79800070,31023
79800071,31473
79800072,18388
79800073,27963
79800074,25779
79800075,22718
79800076,18263
79800077,51700
79800078,48041
79800079,47612
79800080,28130
79800081,34433
79800082,35384
79800083,21349
79800084,33179
79800085,26007
79800086,34378
79800087,16704
79800088,24251
79800089,21756
79800090,22865
79800091,26086
79800092,47576
79800093,23857
79800094,20631
79800095,46239
79800096,58789
79800097,54080
79800098,30307
79800099,20119
79800100,54648
79800101,31014
79800102,32875
79800103,36407
79800104,29423
79800105,49253
79800106,34457
79800107,19400
79800108,32258
79800109,25067
79800110,56947
79800111,59086
79800112,57778
79800113,91717
79800114,48186
79800115,36955
79800116,20874
79800117,19568
79800118,30417
79800119,47181
79800120,38852
79800121,53340
79800122,52057
79800123,43191
79800124,43067
79800125,45671
79800126,28252
79800127,27606
79800128,53260
79800129,37317
79800130,23732
79900001,25350
79900002,20808
79900003,34115
79900004,37587
79900005,27437
79900006,17174
79900007,42846
79900008,29853
79900009,37478
79900010,39968
79900011,24239
79900012,21748
79900013,27147
79900014,27036
79900015,19511
79900016,21083
79900017,40771
79900018,24578
79900019,30473
79900020,27113
79900021,29868
79900022,33597
79900023,21469
79900024,47737
79900025,25610
79900026,25996
79900027,28319
79900028,17856
79900029,28669
79900030,37769
79900031,24334
79900032,30886
79900033,16993
79900034,22149
79900035,17841
79900036,22661
79900037,43637
79900038,9362
79900039,31159
79900040,62241
79900041,18416
79900042,20394
79900043,26157
79900044,18094
79900045,11122
79900046,20701
79900047,16408
79900048,35897
79900049,35425
79900050,20848
79900051,25676
79900052,21245
79900053,23877
79900054,20831
79900055,25822
79900056,19381
79900057,28132
79900058,33661
79900059,23728
79900060,32680
79900061,42757
79900062,20279
79900063,17063
79900064,35217
79900065,21397
79900066,23485
79900067,20642
79900068,29202
79900069,24630
79900070,31207
79900071,30799
79900072,22146
79900073,39616
79900074,24121
79900075,29389
79900076,23616
79900077,84536
79900078,23186
79900079,28903
79900080,26803
79900081,12339
79900082,20017
79900083,12097
79900084,26467
79900085,34627
79900086,43585
79900087,24867
79900088,27849
79900089,28126
79900090,42821
79900091,40480
79900092,30438
79900093,17785
79900094,20613
79900095,24310
79900096,30384
79900097,21060
79900098,25495
79900099,33412
79900100,32621
79900101,30369
79900102,31709
79900103,25844
79900104,26095
79900105,26119
83001001,8689
83001002,7623
83001003,8005
83001004,8138
83001005,6298
83001006,7831
83001007,2401
83001008,3809
83001009,12811
83001010,6708
83001011,7384
83001012,7239
83001013,4847
83001014,9176
83001015,11371
83001016,9342
83001017,3868
83001018,10020
83001019,6492
83001020,5247
83001021,9917
83001022,1802
83001023,9406
83001024,10755
83001025,6832
83002001,6100
83002002,8893
83002003,9349
83002004,5040
83002005,3430
83002006,5304
83002007,5612
83002008,13597
83002009,9790
83002010,8483
83002011,7287
83002012,3275
83002013,8954
83002014,6371
83002015,10102
83002016,15721
83002017,7154
83002018,6456
83002019,8461
83003001,10133
83003002,16446
83003003,13005
83003004,5863
83003005,12188
83003006,8277
83003007,6082
83003008,9095
83003009,14029
83003010,6751
83003011,12321
83003012,6383
83003013,7451
83003014,9396
83003015,8453
83003016,5700
83003017,6884
83003018,3405
83003019,10119
83004001,7554
83004002,3412
83004003,7867
83004004,6763
83004005,6852
83004006,9070
83004007,6947
83004008,7862
83004009,5457
83004010,12612
83004011,8838
83005001,6194
83005002,4285
83005003,7703
83005004,5847
83005005,7974
83005006,5120
83005007,6190
83005008,9427
83005009,7163
83005010,5684
83005011,13125
83005012,10062
83005013,6759
83005014,7646
83005015,12482
83006001,7638
83006002,7415
83006003,5105
83006004,8179
83006005,6988
83006006,7065
83007001,13335
83007002,10117
83007003,9234
83007004,6427
83007005,9218
83007006,4968
83007007,6920
83007008,6896
83007009,6388
83007010,10415
83007011,8094
83007012,10720
83007013,7133
83007014,4863
83007015,12960
83007016,13373
83007017,5373
83007018,10823
83007019,18147
83007020,12083
83007021,7991
83007022,10496
83007023,5431
83007024,7739
83007025,11127
83007026,11588
83007027,5505
83007028,13185
83007029,5011
83007030,9777
83007031,11058
83007032,8143
83101001,6606
83101002,5251
83101003,14033
83101004,6022
83101005,7469
83101006,6644
83101007,11322
83101008,6080
83101009,12024
83102001,15603
83102002,9349
83102003,4172
83102004,10113
83102005,10364
83102006,14456
83102007,8287
83102008,12955
83102009,10546
83102010,7434
83102011,7318
83102012,15255
83102013,6295
83102014,12919
83102015,16744
83102016,8364
83102017,10256
83102018,12583
83102019,12152
83102020,10241
83102021,19204
83102022,5522
83102023,12484
83102024,10765
83102025,14938
83102026,9186
83102027,8924
83102028,15656
83102029,19777
83102030,10849
83102031,10495
83102032,11569
83102033,14241
83102034,16449
83103001,4042
83103002,12573
83103003,7801
83103004,5008
83103005,3950
83103006,6800
83103007,5823
83103008,10874
83103009,6629
83103010,15984
83103011,11625
83103012,15430
83103013,6079
83103014,6763
83103015,8417
83103016,7804
83103017,6979
83103018,4621
83103019,5558
83103020,4491
83103021,6150
83103022,3472
83103023,12584
83103024,2019
83103025,13317
83103026,2239
83103027,6349
83103028,19844
83103029,6609
83104001,5852
83104002,5116
83104003,6539
83104004,6050
83104005,4434
83104006,7514
83104007,6087
83104008,5624
83105001,10277
83105002,11208
83105003,7870
83105004,15767
83105005,7069
83105006,10908
83105007,9690
83105008,12218
83105009,9996
83105010,7587
83105011,11534
83105012,6624
83105013,7824
83105014,14069
83105015,9904
83105016,9483
83105017,8711
83105018,9989
83105019,11391
83105020,14241
83105021,9446
83105022,10830
83105023,9007
83105024,10135
83105025,8237
83105026,7738
83105027,8457
83105028,7230
83105029,5930
83105030,11214
83105031,9365
83105032,6510
83106001,8076
83106002,9162
83106003,7260
83106004,8087
83106005,8237
83106006,9676
83106007,7250
83106008,7380
83106009,5446
83106010,7810
83106011,8477
83106012,9208
83106013,7708
83106014,7426
83106015,9157
83106016,4716
83106017,10629
83106018,7830
83106019,9686
83106020,6783
83106021,8954
83106022,9544
83106023,5283
83106024,10203
83106025,7496
83106026,8913
83106027,7994
83106028,6564
83106029,7956
83106030,8299
83106031,8495
83201001,3256
83201002,8216
83201003,9919
83201004,7820
83201005,10093
83201006,5192
83201007,9436
83201008,7366
83201009,8526
83201010,5374
83201011,5637
83201012,4482
83201013,2585
83201014,10485
83202001,22151
83202002,22069
83202003,16142
83202004,9667
83202005,16913
83202006,15428
83202007,13302
83202008,16404
83202009,14331
83202010,14213
83202011,15627
83202012,13251
83202013,11235
83202014,18642
83202015,15402
83202016,11479
83202017,15428
83202018,14496
83202019,14557
83202020,13448
83202021,16800
83202022,13822
83202023,10399
83202024,12168
83202025,14945
83202026,17509
83202027,18418
83202028,15725
83202029,16044
83202030,11688
83202031,11096
83202032,17981
83202033,12992
83202034,12337
83202035,15110
83202036,12910
83202037,14396
83202038,25254
83202039,15014
83203001,5040
83203002,8140
83203003,13175
83203004,8455
83203005,5679
83203006,6783
83203007,3392
83203008,9506
83203009,6987
83204001,14316
83204002,21722
83204003,16800
83204004,8931
83204005,12914
83204006,15325
83204007,17540
83204008,13903
83204009,13676
83204010,13175
83204011,12909
83204012,10600
83204013,9988
83204014,10732
83204015,12598
83204016,9866
83204017,7368
83204018,10153
83204019,8834
83204020,15594
83204021,15223
83204022,11826
83204023,7811
83204024,11885
83204025,8564
83204026,6371
83204027,11486
83204028,6163
83204029,10647
83204030,15153
83204031,7740
83204032,10111
83204033,13106
83205001,20778
83205002,11153
83205003,15711
83205004,11078
83205005,10681
83205006,18156
83205007,15041
83205008,13043
83205009,18432
83205010,14858
83205011,14086
83205012,12759
83205013,11876
83205014,12827
83205015,15354
83205016,11436
83205017,14998
83205018,19311
83205019,16714
83205020,12155
83205021,14238
83205022,13226
83205023,14994
83205024,15511
83205025,16528
83205026,13122
83205027,14499
83205028,9908
83205029,11780
83205030,15512
83205031,20404
83205032,13154
83205033,17618
83205034,18912
83205035,15954
83205036,13587
83205037,11852
93301001,7292
93301002,5354
93301003,8637
93301004,8273
93301005,8728
93301006,7936
93301007,11757
93301008,7570
93301009,6086
93301010,7514
93301011,7638
93301012,12530
93301013,11732
93301014,10222
93301015,6537
93301016,6061
93301017,6623
93301018,7730
93301019,9524
93301020,7312
93301021,8388
93301022,6753
93301023,6818
93301024,8439
93301025,11694
93301026,7797
93301027,6702
93301028,8577
93301029,8191
93301030,5805
93302001,7465
93302002,5050
93302003,5633
93302004,8528
93302005,6969
93302006,7888
93302007,6474
93302008,7362
93302009,8287
93302010,8808
93302011,7813
93302012,6822
93302013,7920
93302014,7648
93302015,7777
93302016,7449
93302017,7504
93302018,7604
93302019,7643
93302020,7738
93302021,7802
93302022,8731
93302023,7449
93302024,4498
93302025,7052
93302026,7020
93302027,5438
93302028,4687
93302029,11640
93303001,11459
93303002,10455
93303003,11335
93303004,11364
93303005,13526
93303006,10253
93303007,10781
93303008,9062
93303009,17930
93303010,6246
93303011,7719
93303012,11228
93303013,13239
93303014,13831
93303015,6053
93303016,17609
93303017,12936
93303018,12765
93303019,8319
93303020,12050
93303021,14356
93303022,9123
93303023,9174
93303024,10368
93303025,11573
93303026,9441
93303027,11563
93303028,11253
93303029,15588
93303030,7124
93303031,12080
93303032,12163
93303033,16046
93303034,12079
93304001,12635
93304002,6608
93304003,6437
93304004,7019
93304005,6272
93304006,6515
93304007,6002
93304008,7874
93304009,7002
93304010,7830
93304011,5700
93304012,8276
93304013,8769
93304014,3173
93304015,8975
93304016,13052
93304017,16174
93304018,12326
93305001,5622
93305002,8255
93305003,6861
93305004,6298
93305005,5927
93305006,7235
93305007,6184
93305008,7669
93305009,6366
93305010,6648
93305011,8792
93305012,8259
93305013,6083
93305014,4659
93401001,13365
93401002,16747
93401003,12760
93401004,5097
93401005,10461
93401006,9928
93402001,6535
93402002,6994
93402003,7380
93402004,6442
93402005,9217
93402006,6206
93402007,6405
93402008,5359
93402009,8133
93402010,6064
93402011,8430
93402012,8311
93402013,6396
93403001,17417
93403002,11933
93403003,14672
93403004,15212
93403005,16744
93403006,15414
93403007,18247
93403008,14063
93403009,14099
93403010,14413
93403011,17023
93403012,14465
93403013,17665
93403014,15102
93403015,17898
93403016,12625
93403017,12757
93403018,16212
93403019,16062
93403020,17074
93403021,19237
93403022,16386
93403023,16551
93403024,18714
93403025,15326
93403026,14539
93403027,17107
93403028,13437
93403029,16855
93403030,12995
93403031,12876
93403032,14492
93403033,16988
93403034,15064
93403035,17693
93403036,16665
93403037,14326
93403038,14672
93403039,13380
93403040,12064
93404001,11994
93404002,11567
93404003,14482
93404004,17494
93404005,12543
93404006,12226
93404007,11920
93404008,13421
93404009,12925
93404010,9703
93404011,10716
93404012,10391
93404013,13955
93404014,13659
93404015,17665
93404016,13818
93404017,12921
93404018,11456
93404019,12021
93404020,20508
93404021,21038
93404022,14913
93404023,11400
93404024,16791
93404025,15052
93404026,14431
93404027,10477
93404028,15854
93404029,11649
93404030,11315
93404031,12730
93404032,14847
93404033,14274
93404034,14076
93404035,13643
93404036,15788
93404037,11001
93404038,11367
93501001,5988
93501002,7521
93501003,7116
93501004,6254
93501005,7154
93501006,6999
93501007,8539
93501008,5318
93501009,9533
93501010,8918
93501011,7636
93501012,7497
93501013,6305
93501014,7437
93501015,6874
93501016,6477
93501017,7335
93501018,8848
93501019,15188
93501020,6785
93501021,8908
93502001,5843
93502002,6843
93502003,7567
93502004,6632
93502005,6482
93502006,5963
93502007,8458
93502008,7063
93502009,7237
93502010,7170
93502011,6478
93502012,5940
93502013,6324
93502014,7511
93502015,7258
93502016,7758
93502017,6373
93502018,7061
93502019,7204
93503001,10465
93503002,8908
93503003,5914
93503004,7171
93503005,4930
93503006,8499
93503007,10117
93503008,9765
93503009,8043
93503010,7883
93503011,5060
93503012,8380
93503013,7094
93503014,6092
93504001,20532
93504002,15742
93504003,11435
93504004,16508
93504005,17183
93504006,19745
93504007,14291
93504008,39500
93504009,13532
93504010,15360
93504011,18334
93504012,8848
93504013,12863
93504014,17776
93504015,12522
93504016,21659
93504017,16093
93504018,15965
93504019,18259
93504020,28150
93504021,6562
93504022,17440
93504023,18970
93504024,15724
93504025,25869
93504026,7096
93504027,22115
93504028,13782
93504029,10277
93504030,11809
93504031,18748
93504032,16043
93504033,16264
93504034,15436
93504035,12731
93504036,15814
93504037,16044
93504038,13978
93505001,8021
93505002,8697
93505003,7564
93505004,6758
93505005,7066
93505006,7940
93505007,8120
93505008,9656
93505009,8093
93505010,5763
93505011,7032
93505012,6279
93505013,7313
93505014,8011
93505015,10938
93505016,8816
93505017,9710
93505018,6078
93505019,9844
93505020,7708
93505021,7272
93505022,10415
93505023,7604
93505024,5704
93505025,8079
93505026,11302
93505027,7750
93505028,6794
93505029,6022
93601001,7674
93601002,9904
93601003,11242
93601004,4628
93601005,3965
93601006,4407
93601007,11865
93601008,5826
93601009,14597
93601010,4144
93601011,3867
93601012,3115
93602001,17413
93602002,13442
93602003,11138
93602004,8358
93602005,7859
93602006,6313
93602007,7347
93602008,8839
93602009,8942
93602010,8790
93602011,9255
93602012,8070
93604001,13046
93604002,6038
93604003,5556
93604004,3829
93604005,7171
93605001,10028
93605002,6513
93605003,6897
93605004,4551
93605005,12212
93605006,9577
93605007,7957
93605008,6107
93605009,4673
93606001,12197
93606002,7896
93606003,5833
93606004,13229
93606005,4580
93606006,5791
93606007,8776
93606008,6045
93606009,2153
93607001,9693
93607002,8588
93607003,9823
93607004,9176
93607005,7225
93607006,9516
93607007,10274
93607008,7755
93607009,8617
93607010,7729
93607011,9724
93607012,10646
93607013,10517
93607014,8421
93607015,7701
93607016,9168
93607017,8801
93607018,11668
93607019,8555
93607020,10237
93607021,6144
93607022,9421
93607023,8163
93607024,12156
93607025,10981
93607026,5956
93607027,9456
93607028,12595
93607029,11441
93607030,8423
93607031,20770
93607032,8343
94701001,6445
94701002,5971
94701003,9600
94701004,6995
94701005,10021
94701006,7904
94701007,5077
94701008,8238
94701009,8735
94701010,8034
94701011,6637
94701012,8565
94701013,6918
94701014,5926
94701015,9668
94701016,8912
94702001,11509
94702002,5590
94702003,6919
94702004,5296
94702005,8687
94702006,6469
94702007,11467
94702008,6309
94702009,11206
94702010,9631
94702011,4724
94702012,9703
94702013,4130
94702014,12943
94702015,8479
94702016,8751
94702017,6557
94702018,7055
94702019,7869
94702020,10400
94702021,10349
94702022,5385
94702023,7004
94702024,10603
94702025,7875
94702026,5643
94702027,11317
94702028,9398
94702029,9893
94702030,8202
94703001,10055
94703002,7424
94703003,10345
94703004,8245
94703005,8644
94703006,8080
94703007,6198
94703008,14315
94703009,10415
94703010,6920
94703011,6249
94703012,9008
94703013,11389
94703014,6466
94703015,7122
94703016,7244
94703017,9341
94703018,10290
94703019,9861
94703020,9214
94703021,10381
94703022,7817
94703023,10929
94703024,7874
94703025,10107
94703026,9170
94703027,8115
94703028,11207
94703029,6517
94703030,8562
94703031,6853
94704001,6087
94704002,8024
94704003,7432
94704004,5994
94704005,5984
94704006,8564
94704007,8284
94704008,6930
94704009,6445
94704010,5362
94704011,9448
94704012,8005
94704013,7237
94705001,8401
94705002,14989
94705003,9693
94705004,5079
94705005,14040
94705006,9030
94705007,12083
94705008,11294
94705009,11608
94705010,12579
94705011,7414
94705012,8797
94705013,17007
94705014,12606
94705015,8288
94705016,8142
94705017,11534
94705018,11950
94705019,10799
94705020,12210
94705021,6490
94705022,8634
94705023,9620
94705024,8951
94705025,14060
94705026,7707
94705027,12464
94705028,11741
94705029,11520
94705030,13795
94705031,13150
